Album,Release Date,Release Year,Release Month,Release Month (Name),Release Day,Release Day (Name),Album ID,Number of Album Songs,Song Name, Plays ,Artist,Song ID,Track Duration,Track Duration (Minutes),Track Duration (Seconds),Track Number,Number of Artists,Danceability,Energy,Key,Loudness,Speechiness,Acousticness,Instrumentalness,Liveness,Valence,Tempo,Artist 1,Artist 2,Artist 3
Her Loss,11/4/22,2022,11,November,4,Friday,5MS3MvWHJ3lOZPLiMxzOU6,16,Rich Flex," 463,655,324 ","Drake,21 Savage",1bDbXMyjaUIooNwFE9wn0N,3:59,3,59,1,2,0.561,0.52,11,-9.342,0.244,0.0503,0.00,0.355,0.424,153.15,Drake,21 Savage,N/A
Her Loss,11/4/22,2022,11,November,4,Friday,5MS3MvWHJ3lOZPLiMxzOU6,16,Major Distribution," 134,609,385 ","Drake,21 Savage",46s57QULU02Voy0Kup6UEb,2:50,2,50,2,2,0.908,0.546,8,-10.491,0.323,0.0127,0,0.0707,0.225,131.016,Drake,21 Savage,N/A
Her Loss,11/4/22,2022,11,November,4,Friday,5MS3MvWHJ3lOZPLiMxzOU6,16,On BS," 137,344,442 ","Drake,21 Savage",34tz0eDhGuFErIuW3q4mPX,4:21,4,21,3,2,0.841,0.358,9,-8.368,0.591,0.0201,0,0.39,0.329,158.014,Drake,21 Savage,N/A
Her Loss,11/4/22,2022,11,November,4,Friday,5MS3MvWHJ3lOZPLiMxzOU6,16,BackOutsideBoyz," 80,148,026 ",Drake,0wshkEEcJUQU33RSRBb5dv,2:32,2,32,4,1,0.849,0.433,5,-8.434,0.316,0.0407,0,0.388,0.395,142.11,Drake,N/A,N/A
Her Loss,11/4/22,2022,11,November,4,Friday,5MS3MvWHJ3lOZPLiMxzOU6,16,Privileged Rappers," 92,548,320 ","Drake,21 Savage",7l2nxyx7IkBX5orhkALg0V,2:40,2,40,5,2,0.934,0.614,5,-7.384,0.198,0.00274,0,0.123,0.616,144.045,Drake,21 Savage,N/A
Her Loss,11/4/22,2022,11,November,4,Friday,5MS3MvWHJ3lOZPLiMxzOU6,16,Spin Bout U," 138,636,896 ","Drake,21 Savage",2ZL7WZcjuYKi1KUDtp4kCC,3:34,3,34,6,2,0.773,0.701,7,-6.386,0.0512,0.01,0,0.163,0.203,129.963,Drake,21 Savage,N/A
Her Loss,11/4/22,2022,11,November,4,Friday,5MS3MvWHJ3lOZPLiMxzOU6,16,Hours In Silence," 70,293,470 ","Drake,21 Savage",0sSRLXxknVTQDStgU1NqpY,6:39,6,39,7,2,0.501,0.403,6,-11.106,0.119,0.234,0,0.267,0.111,118.352,Drake,21 Savage,N/A
Her Loss,11/4/22,2022,11,November,4,Friday,5MS3MvWHJ3lOZPLiMxzOU6,16,Treacherous Twins," 53,310,628 ","Drake,21 Savage",4Flfb4fGscN9kXPOduQLrv,3:00,3,0,8,2,0.746,0.517,10,-7.582,0.327,0.0782,0,0.137,0.609,88.987,Drake,21 Savage,N/A
Her Loss,11/4/22,2022,11,November,4,Friday,5MS3MvWHJ3lOZPLiMxzOU6,16,Circo Loco," 117,259,009 ","Drake,21 Savage",7GeTsDIc5ykNB6lORO6Cee,3:56,3,56,9,2,0.734,0.605,1,-8.476,0.0699,0.0102,0,0.317,0.252,103.976,Drake,21 Savage,N/A
Her Loss,11/4/22,2022,11,November,4,Friday,5MS3MvWHJ3lOZPLiMxzOU6,16,Pussy & Millions (feat. Travis Scott)," 160,380,898 ","Drake,21 Savage,Travis Scott",2KLwPaRDOB87XOYAT2fgxh,4:02,4,2,10,3,0.749,0.63,4,-6.652,0.116,0.0623,0,0.353,0.445,122.03,Drake,21 Savage,Travis Scott
Her Loss,11/4/22,2022,11,November,4,Friday,5MS3MvWHJ3lOZPLiMxzOU6,16,Broke Boys," 89,443,026 ","Drake,21 Savage",45pUWUeEWGoSdH6UF162G8,3:45,3,45,11,2,0.642,0.533,2,-7.45,0.266,0.0104,0.000108,0.251,0.112,120.041,Drake,21 Savage,N/A
Her Loss,11/4/22,2022,11,November,4,Friday,5MS3MvWHJ3lOZPLiMxzOU6,16,Middle of the Ocean," 50,230,363 ",Drake,410TZrK18uRjtsTunG14cl,5:56,5,56,12,1,0.466,0.703,4,-5.774,0.393,0.18,0,0.422,0.25,76.815,Drake,N/A,N/A
Her Loss,11/4/22,2022,11,November,4,Friday,5MS3MvWHJ3lOZPLiMxzOU6,16,Jumbotron Shit Poppin," 63,497,544 ",Drake,2ZlABhxMMa43COmZ97kKsJ,2:17,2,17,13,1,0.799,0.575,6,-6.257,0.282,0.221,0,0.196,0.319,99.026,Drake,N/A,N/A
Her Loss,11/4/22,2022,11,November,4,Friday,5MS3MvWHJ3lOZPLiMxzOU6,16,More M's," 57,308,394 ","Drake,21 Savage",29YW2xXlo6Pc6M0SBTCXYN,3:41,3,41,14,2,0.704,0.504,1,-6.749,0.223,0.0405,0.000422,0.139,0.0713,82.537,Drake,21 Savage,N/A
Her Loss,11/4/22,2022,11,November,4,Friday,5MS3MvWHJ3lOZPLiMxzOU6,16,3AM on Glenwood," 30,366,030 ",21 Savage,1MTXYvJ9TSqg9x6WPCDx2n,2:58,2,58,15,1,0.475,0.692,1,-8.327,0.398,0.0533,0.00,0.18,0.241,181.167,21 Savage,N/A,N/A
Her Loss,11/4/22,2022,11,November,4,Friday,5MS3MvWHJ3lOZPLiMxzOU6,16,I Guess It's Fuck Me," 33,648,395 ",Drake,31bsuKDOzFGzBAoXxtnAJm,4:23,4,23,16,1,0.385,0.34,7,-11.754,0.051,0.499,1.20E-05,0.196,0.0398,83.947,Drake,N/A,N/A
"Honestly, Nevermind",6/17/22,2022,6,June,17,Friday,3cf4iSSKd8ffTncbtKljXw,14,Intro," 24,368,407 ",Drake,1kNdtonJXHorsVpWerK8C2,0:36,0,36,1,1,0.193,0.0218,0,-31.16,0.0389,0.955,0.88,0.117,0.213,125.501,Drake,N/A,N/A
"Honestly, Nevermind",6/17/22,2022,6,June,17,Friday,3cf4iSSKd8ffTncbtKljXw,14,Falling Back," 69,736,461 ",Drake,1vbn9fEyw1IYhqgZJdu9ZB,4:26,4,26,2,1,0.718,0.758,10,-8.29,0.0703,0.238,0.00653,0.11,0.349,118.989,Drake,N/A,N/A
"Honestly, Nevermind",6/17/22,2022,6,June,17,Friday,3cf4iSSKd8ffTncbtKljXw,14,Texts Go Green," 55,320,977 ",Drake,4FIgHqXd4KkOwxrGeLDYM2,5:08,5,8,3,1,0.765,0.627,0,-4.607,0.0622,0.000916,0.195,0.0847,0.536,118.997,Drake,N/A,N/A
"Honestly, Nevermind",6/17/22,2022,6,June,17,Friday,3cf4iSSKd8ffTncbtKljXw,14,Currents," 45,583,615 ",Drake,1eCFz60zd7mAXgWLapPd9B,2:37,2,37,4,1,0.883,0.283,0,-12.653,0.113,0.104,0.00167,0.0935,0.416,122.013,Drake,N/A,N/A
"Honestly, Nevermind",6/17/22,2022,6,June,17,Friday,3cf4iSSKd8ffTncbtKljXw,14,A Keeper," 60,353,868 ",Drake,0nAZGkBGKQCXyaoSJfRhC1,2:53,2,53,5,1,0.6,0.482,1,-11.596,0.0701,0.512,0.000104,0.115,0.323,121.909,Drake,N/A,N/A
"Honestly, Nevermind",6/17/22,2022,6,June,17,Friday,3cf4iSSKd8ffTncbtKljXw,14,Calling My Name," 48,942,257 ",Drake,7sT7kZEYd1MrmzLLIRVZas,2:09,2,9,6,1,0.826,0.276,11,-11.227,0.266,0.62,8.53E-05,0.118,0.484,123.985,Drake,N/A,N/A
"Honestly, Nevermind",6/17/22,2022,6,June,17,Friday,3cf4iSSKd8ffTncbtKljXw,14,Sticky," 166,348,023 ",Drake,4rmVZajAF7PkrCagGPHbqa,4:03,4,3,7,1,0.853,0.495,6,-14.63,0.14,0.0917,0.000217,0.0844,0.0774,137.027,Drake,N/A,N/A
"Honestly, Nevermind",6/17/22,2022,6,June,17,Friday,3cf4iSSKd8ffTncbtKljXw,14,Massive," 174,859,003 ",Drake,28JBD8p18xNuOfyV7Cotdn,5:36,5,36,8,1,0.499,0.671,4,-6.774,0.0561,0.114,0.0169,0.148,0.0557,124.994,Drake,N/A,N/A
"Honestly, Nevermind",6/17/22,2022,6,June,17,Friday,3cf4iSSKd8ffTncbtKljXw,14,Flight's Booked," 47,997,276 ",Drake,6Yj7Zhxt73uvwFFvzQXdxO,4:14,4,14,9,1,0.593,0.41,3,-13.097,0.0531,0.886,0.0993,0.115,0.201,122.584,Drake,N/A,N/A
"Honestly, Nevermind",6/17/22,2022,6,June,17,Friday,3cf4iSSKd8ffTncbtKljXw,14,Overdrive," 32,267,291 ",Drake,7hRlTK3mgFTBEjX7DjqBsI,3:22,3,22,10,1,0.502,0.645,2,-10.611,0.122,0.444,0.00964,0.107,0.518,109.739,Drake,N/A,N/A
"Honestly, Nevermind",6/17/22,2022,6,June,17,Friday,3cf4iSSKd8ffTncbtKljXw,14,Down Hill," 24,174,495 ",Drake,3N3d4OWbPVxTQVBFqNyykk,4:10,4,10,11,1,0.718,0.319,3,-11.261,0.0435,0.965,0.00036,0.0895,0.639,109.994,Drake,N/A,N/A
"Honestly, Nevermind",6/17/22,2022,6,June,17,Friday,3cf4iSSKd8ffTncbtKljXw,14,Tie That Binds," 28,720,957 ",Drake,1XsRwo2it6QHdV2OiT6IzF,5:36,5,36,12,1,0.775,0.688,4,-10.912,0.0593,0.0176,0.0917,0.108,0.284,120.017,Drake,N/A,N/A
"Honestly, Nevermind",6/17/22,2022,6,June,17,Friday,3cf4iSSKd8ffTncbtKljXw,14,Liability," 30,954,672 ",Drake,2vy9Ry1TNjCD85TiCbTz0r,3:57,3,57,13,1,0.557,0.706,0,-6.592,0.0649,0.268,0,0.132,0.582,105.013,Drake,N/A,N/A
"Honestly, Nevermind",6/17/22,2022,6,June,17,Friday,3cf4iSSKd8ffTncbtKljXw,14,Jimmy Cooks (feat. 21 Savage)," 508,089,150 ","Drake,21 Savage",3F5CgOj3wFlRv51JsHbxhe,3:38,3,38,14,2,0.529,0.673,0,-4.711,0.175,0.000307,2.41E-06,0.093,0.366,165.921,Drake,21 Savage,N/A
Certified Lover Boy,9/3/21,2021,9,September,3,Friday,3SpBlxme9WbeQdI9kx7KAV,21,Champagne Poetry," 220,411,505 ",Drake,2HSmyk2qMN8WQjuGhaQgCk,5:36,5,36,1,1,0.423,0.667,6,-7.012,0.326,0.758,0,0.246,0.496,86.743,Drake,N/A,N/A
Certified Lover Boy,9/3/21,2021,9,September,3,Friday,3SpBlxme9WbeQdI9kx7KAV,21,Papi's Home," 115,627,577 ",Drake,6jy9yJfgCsMHdu2Oz4BGKX,2:58,2,58,2,1,0.701,0.741,2,-6.157,0.313,0.112,0,0.699,0.588,140.177,Drake,N/A,N/A
Certified Lover Boy,9/3/21,2021,9,September,3,Friday,3SpBlxme9WbeQdI9kx7KAV,21,Girls Want Girls (with Lil Baby)," 355,987,921 ","Drake,Lil Baby",37Nqx7iavZpotJSDXZWbJ3,3:41,3,41,3,2,0.767,0.438,7,-8.726,0.29,0.181,0,0.142,0.381,86.975,Drake,Lil Baby,N/A
Certified Lover Boy,9/3/21,2021,9,September,3,Friday,3SpBlxme9WbeQdI9kx7KAV,21,In The Bible (with Lil Durk & Giveon)," 138,120,129 ","Drake,Lil Durk,Giveon",61S79KIVA4I9FXbnsylEHT,4:56,4,56,4,3,0.686,0.385,7,-8.35,0.297,0.614,0,0.131,0.147,143.07,Drake,Lil Durk,Giveon
Certified Lover Boy,9/3/21,2021,9,September,3,Friday,3SpBlxme9WbeQdI9kx7KAV,21,Love All (with JAY-Z)," 122,738,951 ","Drake,JAY-Z",4VCbgIdr8ptegWeJpqLVHH,3:48,3,48,5,2,0.73,0.576,2,-5.442,0.287,0.354,3.59E-05,0.15,0.155,92.131,Drake,JAY-Z,N/A
Certified Lover Boy,9/3/21,2021,9,September,3,Friday,3SpBlxme9WbeQdI9kx7KAV,21,Fair Trade (with Travis Scott)," 517,341,956 ","Drake,Travis Scott",40iJIUlhi6renaREYGeIDS,4:51,4,51,6,2,0.666,0.465,1,-8.545,0.26,0.0503,0,0.215,0.292,167.937,Drake,Travis Scott,N/A
Certified Lover Boy,9/3/21,2021,9,September,3,Friday,3SpBlxme9WbeQdI9kx7KAV,21,Way 2 Sexy (with Future & Young Thug)," 465,563,204 ","Drake,Future,Young Thug",0k1WUmIRnG3xU6fvvDVfRG,4:17,4,17,7,3,0.803,0.597,11,-6.035,0.141,0.000619,4.50E-06,0.323,0.331,136.008,Drake,Future,Young Thug
Certified Lover Boy,9/3/21,2021,9,September,3,Friday,3SpBlxme9WbeQdI9kx7KAV,21,TSU," 128,978,190 ",Drake,4s7QLoImIwmPi9L6dq1nVW,5:08,5,8,8,1,0.568,0.56,9,-9.059,0.42,0.228,3.05E-06,0.39,0.246,130.019,Drake,N/A,N/A
Certified Lover Boy,9/3/21,2021,9,September,3,Friday,3SpBlxme9WbeQdI9kx7KAV,21,N 2 Deep," 103,986,157 ","Drake,Future",34D6FJysnQioVingDKufuf,4:33,4,33,9,2,0.507,0.429,2,-7.726,0.326,0.0518,0,0.109,0.0744,91,Drake,Future,N/A
Certified Lover Boy,9/3/21,2021,9,September,3,Friday,3SpBlxme9WbeQdI9kx7KAV,21,Pipe Down," 101,035,918 ",Drake,11pEKMLmavDu8fxOB5QjbQ,3:25,3,25,10,1,0.518,0.69,9,-6.15,0.107,0.128,0,0.176,0.59,77.837,Drake,N/A,N/A
Certified Lover Boy,9/3/21,2021,9,September,3,Friday,3SpBlxme9WbeQdI9kx7KAV,21,Yebba's Heartbreak," 170,747,288 ","Drake,Yebba",1PDP7mLiAMwhfmgIwzhOm2,2:13,2,13,11,2,0.476,0.161,8,-11.665,0.0407,0.967,0.0381,0.109,0.0908,119.614,Drake,Yebba,N/A
Certified Lover Boy,9/3/21,2021,9,September,3,Friday,3SpBlxme9WbeQdI9kx7KAV,21,No Friends In The Industry," 167,683,016 ",Drake,2tUL6dZf1mywCj5WvCPZw6,3:24,3,24,12,1,0.84,0.744,1,-4.751,0.113,0.0181,0,0.629,0.171,83.737,Drake,N/A,N/A
Certified Lover Boy,9/3/21,2021,9,September,3,Friday,3SpBlxme9WbeQdI9kx7KAV,21,Knife Talk (with 21 Savage ft. Project Pat)," 545,288,250 ","Drake,21 Savage,Project Pat",2BcMwX1MPV6ZHP4tUT9uq6,4:02,4,2,13,3,0.849,0.424,5,-9.579,0.324,0.0635,0,0.0834,0.153,145.887,Drake,21 Savage,Project Pat
Certified Lover Boy,9/3/21,2021,9,September,3,Friday,3SpBlxme9WbeQdI9kx7KAV,21,7am On Bridle Path," 68,954,836 ",Drake,42m3eP1JJhtzffal9B136J,3:59,3,59,14,1,0.724,0.531,5,-4.108,0.298,0.225,0,0.11,0.141,89.901,Drake,N/A,N/A
Certified Lover Boy,9/3/21,2021,9,September,3,Friday,3SpBlxme9WbeQdI9kx7KAV,21,Race My Mind," 80,547,708 ",Drake,2Q3jFbyE61mCjS3SkW4toJ,4:29,4,29,15,1,0.488,0.635,10,-7.19,0.26,0.179,8.16E-06,0.156,0.783,174.072,Drake,N/A,N/A
Certified Lover Boy,9/3/21,2021,9,September,3,Friday,3SpBlxme9WbeQdI9kx7KAV,21,Fountains (with Tems)," 108,599,888 ","Drake,Tems",08XWh5c0BMyD1nKVxxl91z,3:12,3,12,16,2,0.843,0.485,10,-8.735,0.195,0.181,0.0675,0.107,0.689,100.053,Drake,Tems,N/A
Certified Lover Boy,9/3/21,2021,9,September,3,Friday,3SpBlxme9WbeQdI9kx7KAV,21,Get Along Better," 76,333,808 ","Drake,Ty Dolla $ign",5ScbulRnixQ2XAdvrPMFjz,3:49,3,49,17,2,0.32,0.466,8,-6.77,0.0374,0.00645,0,0.133,0.338,177.693,Drake,Ty Dolla $ign,N/A
Certified Lover Boy,9/3/21,2021,9,September,3,Friday,3SpBlxme9WbeQdI9kx7KAV,21,You Only Live Twice (with Lil Wayne & Rick Ross)," 70,029,752 ","Drake,Lil Wayne,Rick Ross",50ceCGZ3oD3U5caQV5bP6f,3:33,3,33,18,3,0.519,0.851,7,-6.001,0.29,0.118,0,0.178,0.711,123.823,Drake,Lil Wayne,Rick Ross
Certified Lover Boy,9/3/21,2021,9,September,3,Friday,3SpBlxme9WbeQdI9kx7KAV,21,IMY2 (with Kid Cudi)," 98,164,661 ","Drake,Kid Cudi",7F9cT6hIRhnFCYP6GKS0tf,4:12,4,12,19,2,0.59,0.493,7,-8.704,0.0367,0.402,0.00504,0.129,0.0498,150.026,Drake,Kid Cudi,N/A
Certified Lover Boy,9/3/21,2021,9,September,3,Friday,3SpBlxme9WbeQdI9kx7KAV,21,F*****g Fans," 51,562,600 ",Drake,3RkNXZvOSMMElmmXztDc94,4:05,4,5,20,1,0.783,0.416,4,-9.84,0.135,0.213,0,0.103,0.165,87.073,Drake,N/A,N/A
Certified Lover Boy,9/3/21,2021,9,September,3,Friday,3SpBlxme9WbeQdI9kx7KAV,21,The Remorse," 39,760,868 ",Drake,1cCXT1cErAY6tmIqHbodrt,5:51,5,51,21,1,0.473,0.53,0,-8.506,0.249,0.812,6.92E-06,0.227,0.637,74.732,Drake,N/A,N/A
Dark Lane Demo Tapes,5/1/20,2020,5,May,1,Friday,6OQ9gBfg5EXeNAEwGSs6jK,14,Deep Pockets," 38,975,060 ",Drake,3IvMYBE7A3c7to1aEcfFJk,3:42,3,42,1,1,0.473,0.824,7,-3.68,0.163,0.482,0,0.605,0.374,77.888,Drake,N/A,N/A
Dark Lane Demo Tapes,5/1/20,2020,5,May,1,Friday,6OQ9gBfg5EXeNAEwGSs6jK,14,When To Say When," 47,335,544 ",Drake,5TCBWmEBrin7etRa4Lswr1,3:43,3,43,2,1,0.41,0.82,1,-6.808,0.533,0.252,0,0.538,0.526,170.718,Drake,N/A,N/A
Dark Lane Demo Tapes,5/1/20,2020,5,May,1,Friday,6OQ9gBfg5EXeNAEwGSs6jK,14,Chicago Freestyle (feat. Giveon)," 584,668,843 ","Drake,Giveon",4wVOKKEHUJxHCFFNUWDn0B,3:40,3,40,3,2,0.735,0.449,10,-7.507,0.347,0.629,0,0.113,0.0397,122.947,Drake,Giveon,N/A
Dark Lane Demo Tapes,5/1/20,2020,5,May,1,Friday,6OQ9gBfg5EXeNAEwGSs6jK,14,Not You Too (feat. Chris Brown)," 98,552,578 ","Drake,Chris Brown",3Q4gttWQ6hxqWOa3tHoTNi,4:29,4,29,4,2,0.458,0.452,9,-9.299,0.047,0.342,1.94E-05,0.0703,0.316,86.318,Drake,Chris Brown,N/A
Dark Lane Demo Tapes,5/1/20,2020,5,May,1,Friday,6OQ9gBfg5EXeNAEwGSs6jK,14,Toosie Slide," 961,536,663 ",Drake,466cKvZn1j45IpxDdYZqdA,4:07,4,7,5,1,0.83,0.49,1,-8.82,0.209,0.289,3.04E-06,0.113,0.845,81.604,Drake,N/A,N/A
Dark Lane Demo Tapes,5/1/20,2020,5,May,1,Friday,6OQ9gBfg5EXeNAEwGSs6jK,14,Desires (with Future)," 85,424,563 ","Drake,Future",7eYAHC0RbBF9eaqWzT34Aq,3:57,3,57,6,2,0.812,0.506,5,-7.706,0.116,0.281,0,0.325,0.554,145.074,Drake,Future,N/A
Dark Lane Demo Tapes,5/1/20,2020,5,May,1,Friday,6OQ9gBfg5EXeNAEwGSs6jK,14,Time Flies," 196,839,063 ",Drake,5H4mXWKcicuLKDn4Jy0sK7,3:12,3,12,7,1,0.864,0.477,10,-5.786,0.224,0.201,0,0.182,0.5,86.46,Drake,N/A,N/A
Dark Lane Demo Tapes,5/1/20,2020,5,May,1,Friday,6OQ9gBfg5EXeNAEwGSs6jK,14,Landed," 49,530,429 ",Drake,3KixNgUEaDtrKJVzdqjU5q,2:32,2,32,8,1,0.881,0.636,7,-4.629,0.287,0.00606,0,0.111,0.715,163.949,Drake,N/A,N/A
Dark Lane Demo Tapes,5/1/20,2020,5,May,1,Friday,6OQ9gBfg5EXeNAEwGSs6jK,14,D4L," 71,655,676 ","Future,Drake,Young Thug",5fHrHoJKfCgBd35zwIBmUK,3:09,3,9,9,3,0.718,0.706,1,-5.709,0.06,0.0128,0,0.352,0.815,170.004,Future,Drake,Young Thug
Dark Lane Demo Tapes,5/1/20,2020,5,May,1,Friday,6OQ9gBfg5EXeNAEwGSs6jK,14,Pain 1993 (with Playboi Carti)," 151,595,489 ","Drake,Playboi Carti",6Kj17Afjo1OKJYpf5VzCeo,2:29,2,29,10,2,0.825,0.373,5,-5.532,0.108,0.163,0,0.368,0.12,77.271,Drake,Playboi Carti,N/A
Dark Lane Demo Tapes,5/1/20,2020,5,May,1,Friday,6OQ9gBfg5EXeNAEwGSs6jK,14,Losses," 32,691,513 ",Drake,6fLVTVaHWaEfVKfEgbkf4D,4:31,4,31,11,1,0.551,0.57,1,-7.385,0.351,0.28,0,0.424,0.505,85.687,Drake,N/A,N/A
Dark Lane Demo Tapes,5/1/20,2020,5,May,1,Friday,6OQ9gBfg5EXeNAEwGSs6jK,14,From Florida With Love," 60,515,572 ",Drake,0YkUwXxnTkeJBvt5upeEtP,3:54,3,54,12,1,0.787,0.477,6,-7.837,0.199,0.768,0,0.104,0.476,80.506,Drake,N/A,N/A
Dark Lane Demo Tapes,5/1/20,2020,5,May,1,Friday,6OQ9gBfg5EXeNAEwGSs6jK,14,Demons (feat. Fivio Foreign & Sosa Geek)," 75,370,503 ","Drake,Fivio Foreign,Sosa Geek",05aZ9sAU1YXndHv0FMi9iW,3:24,3,24,13,3,0.543,0.766,0,-3.387,0.343,0.423,0,0.155,0.729,106.869,Drake,Fivio Foreign,Sosa Geek
Dark Lane Demo Tapes,5/1/20,2020,5,May,1,Friday,6OQ9gBfg5EXeNAEwGSs6jK,14,War," 76,362,941 ",Drake,1I55Ea0zVoSKs6MqW7DQ3i,3:00,3,0,14,1,0.749,0.792,10,-4.151,0.0826,0.292,0,0.109,0.239,144.064,Drake,N/A,N/A
Care Package,8/2/19,2019,8,August,2,Friday,7dqpveMVcWgbzqYrOdkFTD,17,Dreams Money Can Buy," 30,538,423 ",Drake,1qyFlfPREPbRcS2BNszdYI,4:13,4,13,1,1,0.423,0.587,6,-6.635,0.529,0.765,0,0.114,0.33,180.331,Drake,N/A,N/A
Care Package,8/2/19,2019,8,August,2,Friday,7dqpveMVcWgbzqYrOdkFTD,17,The Motion," 84,976,545 ",Drake,0Tacxc5lDJ8LwiO1pWNSl8,4:00,4,0,2,1,0.631,0.788,4,-7.142,0.102,0.371,0.000317,0.108,0.544,157.769,Drake,N/A,N/A
Care Package,8/2/19,2019,8,August,2,Friday,7dqpveMVcWgbzqYrOdkFTD,17,How Bout Now," 66,710,240 ",Drake,4n4BflhWjCHIxrI4v7Xt9s,3:55,3,55,3,1,0.789,0.404,1,-8.364,0.23,0.205,0,0.219,0.472,122.062,Drake,N/A,N/A
Care Package,8/2/19,2019,8,August,2,Friday,7dqpveMVcWgbzqYrOdkFTD,17,Trust Issues," 196,352,476 ",Drake,4Wjhj0WjkyECccfHVIgaTq,4:41,4,41,4,1,0.421,0.539,11,-5.456,0.274,0.779,0,0.111,0.523,89.177,Drake,N/A,N/A
Care Package,8/2/19,2019,8,August,2,Friday,7dqpveMVcWgbzqYrOdkFTD,17,Days in The East," 23,649,349 ",Drake,4czcw3NVLY0of5hTD7OufN,5:53,5,53,5,1,0.733,0.361,1,-11.129,0.135,0.348,0.000285,0.0942,0.0361,94.902,Drake,N/A,N/A
Care Package,8/2/19,2019,8,August,2,Friday,7dqpveMVcWgbzqYrOdkFTD,17,Draft Day," 19,295,610 ",Drake,3W3FVHEDetkiRkkGKDmdir,4:26,4,26,6,1,0.673,0.81,8,-3.793,0.36,0.0322,0,0.133,0.564,166.084,Drake,N/A,N/A
Care Package,8/2/19,2019,8,August,2,Friday,7dqpveMVcWgbzqYrOdkFTD,17,4pm in Calabasas," 30,995,815 ",Drake,6C9SwoZ5OrxcvkntgA5t8s,4:00,4,0,7,1,0.743,0.66,4,-4.802,0.418,0.115,0,0.101,0.549,192.031,Drake,N/A,N/A
Care Package,8/2/19,2019,8,August,2,Friday,7dqpveMVcWgbzqYrOdkFTD,17,5 Am in Toronto," 31,912,536 ",Drake,0FnxK9FEAQyPJ284QcieNb,3:25,3,25,8,1,0.555,0.88,11,-4.325,0.265,0.0678,0,0.0723,0.391,87.195,Drake,N/A,N/A
Care Package,8/2/19,2019,8,August,2,Friday,7dqpveMVcWgbzqYrOdkFTD,17,I Get Lonely," 20,837,066 ",Drake,3sMC6vfTTSa0mMAPTwzDVD,4:13,4,13,9,1,0.477,0.501,11,-9.178,0.0398,0.706,5.61E-06,0.0953,0.689,81.376,Drake,N/A,N/A
Care Package,8/2/19,2019,8,August,2,Friday,7dqpveMVcWgbzqYrOdkFTD,17,My Side," 13,697,367 ",Drake,4alHkxxwAhvoGg3dJCATKV,4:54,4,54,10,1,0.549,0.495,6,-5.661,0.133,0.603,7.26E-06,0.0979,0.385,81.012,Drake,N/A,N/A
Care Package,8/2/19,2019,8,August,2,Friday,7dqpveMVcWgbzqYrOdkFTD,17,Jodeci Freestyle (feat. J. Cole)," 17,316,761 ","Drake,J. Cole",2xUHiyGeGrWmmfv7NbDTWC,4:14,4,14,11,2,0.498,0.844,2,-2.834,0.268,0.0111,0,0.102,0.282,88.435,Drake,J. Cole,N/A
Care Package,8/2/19,2019,8,August,2,Friday,7dqpveMVcWgbzqYrOdkFTD,17,Club Paradise," 21,251,430 ",Drake,6MR5IBSNfDmiwnrlQpVw4w,4:43,4,43,12,1,0.338,0.729,6,-6.419,0.102,0.758,3.24E-05,0.18,0.543,184.174,Drake,N/A,N/A
Care Package,8/2/19,2019,8,August,2,Friday,7dqpveMVcWgbzqYrOdkFTD,17,Free Spirit (feat. Rick Ross)," 15,582,791 ","Drake,Rick Ross",18t8ypY0HYaQuGBxg2KdT2,4:12,4,12,13,2,0.508,0.748,1,-4.997,0.33,0.281,0,0.168,0.225,100.414,Drake,Rick Ross,N/A
Care Package,8/2/19,2019,8,August,2,Friday,7dqpveMVcWgbzqYrOdkFTD,17,Heat Of The Moment," 9,504,759 ",Drake,27Tqjd2nMW2mIp6Yk1ovwY,5:43,5,43,14,1,0.641,0.454,5,-8.344,0.133,0.179,0.000116,0.065,0.302,78.036,Drake,N/A,N/A
Care Package,8/2/19,2019,8,August,2,Friday,7dqpveMVcWgbzqYrOdkFTD,17,Girls Love Beyonce (feat. James Fauntleroy)," 43,702,289 ","Drake,James Fauntleroy",56NDFbD0tCUawnqeU2wcvv,3:45,3,45,15,2,0.619,0.489,11,-11.25,0.46,0.782,0,0.106,0.328,126.046,Drake,James Fauntleroy,N/A
Care Package,8/2/19,2019,8,August,2,Friday,7dqpveMVcWgbzqYrOdkFTD,17,Paris Morton Music," 23,378,192 ",Drake,73IE87H0g2MBmdn41lkVto,4:11,4,11,16,1,0.505,0.494,10,-8.635,0.315,0.414,7.98E-05,0.105,0.141,171.978,Drake,N/A,N/A
Care Package,8/2/19,2019,8,August,2,Friday,7dqpveMVcWgbzqYrOdkFTD,17,Can I," 65,723,756 ",Drake,3e0ZGE7Gp034iLknjQk4QW,3:09,3,9,17,1,0.643,0.178,4,-8.56,0.0588,0.484,0.0108,0.122,0.0674,85.042,Drake,N/A,N/A
So Far Gone,2/14/19,2019,2,February,14,Thursday,2podUJIFG8hLfFz7Kqe8yJ,18,Lust For Life," 28,511,682 ",Drake,4Oqhd37CXCG6qYbmHGzJJ5,2:56,2,56,1,1,0.477,0.422,6,-10.389,0.174,0.939,0.0361,0.107,0.0815,87.269,Drake,N/A,N/A
So Far Gone,2/14/19,2019,2,February,14,Thursday,2podUJIFG8hLfFz7Kqe8yJ,18,Houstatlantavegas," 50,897,510 ",Drake,7i2X27hQnVtr5emUBXMnnz,4:50,4,50,2,1,0.597,0.696,1,-6.799,0.0823,0.387,0.000762,0.126,0.427,67.526,Drake,N/A,N/A
So Far Gone,2/14/19,2019,2,February,14,Thursday,2podUJIFG8hLfFz7Kqe8yJ,18,Successful (feat. Trey Songz & Lil Wayne)," 42,527,144 ","Drake,Trey Songz,Lil Wayne",3tbqvZYf7mcIrbLvjzokhv,6:15,6,15,3,3,0.565,0.535,8,-5.158,0.386,0.537,0,0.165,0.22,159.909,Drake,Trey Songz,Lil Wayne
So Far Gone,2/14/19,2019,2,February,14,Thursday,2podUJIFG8hLfFz7Kqe8yJ,18,Let's Call It Off (feat. Peter Bjorn and John)," 15,896,932 ","Drake,Peter Bjorn and John",3baJKX6yyPUT92zNStX5z6,3:54,3,54,4,2,0.794,0.717,9,-4.629,0.0325,0.00454,0.301,0.146,0.937,127.446,Drake,Peter Bjorn and John,N/A
So Far Gone,2/14/19,2019,2,February,14,Thursday,2podUJIFG8hLfFz7Kqe8yJ,18,November 18th," 44,704,936 ",Drake,2vHmE2q0EYbw0F8asrHPmW,3:08,3,8,5,1,0.756,0.451,11,-11.287,0.47,0.588,0,0.0942,0.555,143.864,Drake,N/A,N/A
So Far Gone,2/14/19,2019,2,February,14,Thursday,2podUJIFG8hLfFz7Kqe8yJ,18,Ignant Shit (feat. Lil Wayne)," 31,069,126 ","Drake,Lil Wayne",2h65kdqlhMRtp5l5qIFA9v,5:02,5,2,6,2,0.622,0.844,10,-3.759,0.269,0.165,0,0.455,0.12,94.449,Drake,Lil Wayne,N/A
So Far Gone,2/14/19,2019,2,February,14,Thursday,2podUJIFG8hLfFz7Kqe8yJ,18,A Night Off (feat. Lloyd)," 13,052,288 ","Drake,Lloyd",1bMYRdTXYdj7KSu4r0O3IQ,3:13,3,13,7,2,0.565,0.502,11,-5.594,0.0793,0.362,2.32E-06,0.164,0.332,103.418,Drake,Lloyd,N/A
So Far Gone,2/14/19,2019,2,February,14,Thursday,2podUJIFG8hLfFz7Kqe8yJ,18,Say What's Real," 13,463,035 ",Drake,2p0KdK06O9KUMCQ0gsFF0P,3:50,3,50,8,1,0.545,0.755,8,-5.438,0.257,0.66,0,0.209,0.481,115.029,Drake,N/A,N/A
So Far Gone,2/14/19,2019,2,February,14,Thursday,2podUJIFG8hLfFz7Kqe8yJ,18,Little Bit (feat. Lykke Li)," 29,636,098 ","Drake,Lykke Li",1uBaQNOsRatk1bBTBJnKek,3:50,3,50,9,2,0.76,0.887,11,-4.902,0.038,0.107,0.0242,0.668,0.783,120.396,Drake,Lykke Li,N/A
So Far Gone,2/14/19,2019,2,February,14,Thursday,2podUJIFG8hLfFz7Kqe8yJ,18,Best I Ever Had," 496,427,648 ",Drake,4AcScHuxr9xAqqyxxTMAhu,4:17,4,17,10,1,0.441,0.929,5,-2.199,0.337,0.203,0,0.165,0.546,162.395,Drake,N/A,N/A
So Far Gone,2/14/19,2019,2,February,14,Thursday,2podUJIFG8hLfFz7Kqe8yJ,18,Unstoppable (feat. Santigold & Lil Wayne)," 11,860,207 ","Drake,Santigold,Lil Wayne",3DQb8H8mBaxXtrpwZWfen1,3:29,3,29,11,3,0.775,0.906,2,-2.806,0.337,0.159,0,0.773,0.841,150.08,Drake,Santigold,Lil Wayne
So Far Gone,2/14/19,2019,2,February,14,Thursday,2podUJIFG8hLfFz7Kqe8yJ,18,Uptown (feat. Bun B & Lil Wayne)," 65,334,623 ","Drake,Bun B,Lil Wayne",6xTROKXoqNjGhFNIjfoDO2,6:22,6,22,12,3,0.433,0.82,1,-3.136,0.329,0.00371,0,0.0852,0.405,87.076,Drake,Bun B,Lil Wayne
So Far Gone,2/14/19,2019,2,February,14,Thursday,2podUJIFG8hLfFz7Kqe8yJ,18,Sooner Than Later," 13,677,216 ",Drake,12iCwfAxGDFvpU7aTusAle,4:22,4,22,13,1,0.691,0.498,0,-5.716,0.144,0.191,6.73E-06,0.107,0.534,94.99,Drake,N/A,N/A
So Far Gone,2/14/19,2019,2,February,14,Thursday,2podUJIFG8hLfFz7Kqe8yJ,18,Bria's Interlude (feat. Omarion)," 23,927,581 ","Drake,Omarion",3x8P00PKvIL9w7Z3XI9zyW,2:19,2,19,14,2,0.456,0.509,2,-6.204,0.0895,0.205,0.000652,0.122,0.239,147.154,Drake,Omarion,N/A
So Far Gone,2/14/19,2019,2,February,14,Thursday,2podUJIFG8hLfFz7Kqe8yJ,18,The Calm," 19,717,503 ",Drake,71tHNdPFrCNiulvoKzeEuk,4:03,4,3,15,1,0.468,0.782,11,-8.303,0.898,0.812,1.79E-05,0.107,0.24,159.621,Drake,N/A,N/A
So Far Gone,2/14/19,2019,2,February,14,Thursday,2podUJIFG8hLfFz7Kqe8yJ,18,Outro (feat. Chilly Gonzales)," 7,724,540 ","Drake,Chilly Gonzales",5hKi8LHc2GF5v9TSsvgZaf,2:54,2,54,16,2,0.393,0.0878,5,-21.628,0.053,0.989,0.856,0.316,0.122,185.562,Drake,Chilly Gonzales,N/A
So Far Gone,2/14/19,2019,2,February,14,Thursday,2podUJIFG8hLfFz7Kqe8yJ,18,Brand New," 21,918,519 ",Drake,18Dv8QiJUFh0erAN0R7jDh,3:33,3,33,17,1,0.413,0.497,6,-9.039,0.0736,0.636,0,0.179,0.368,112.306,Drake,N/A,N/A
So Far Gone,2/14/19,2019,2,February,14,Thursday,2podUJIFG8hLfFz7Kqe8yJ,18,Congratulations," 14,580,112 ",Drake,0ISIeXBvGQIcQGYfR56jy8,5:32,5,32,18,1,0.393,0.852,6,-2.278,0.0726,0.0193,0,0.291,0.15,106.902,Drake,N/A,N/A
Scorpion,6/29/18,2018,6,June,29,Friday,1ATL5GLyefJaxhQzSPVrLX,25,Survival," 114,479,974 ",Drake,2yg9UN4eo5eMVJ7OB4RWj3,2:16,2,16,1,1,0.555,0.596,9,-9.09,0.375,0.133,0,0.123,0.145,77.324,Drake,N/A,N/A
Scorpion,6/29/18,2018,6,June,29,Friday,1ATL5GLyefJaxhQzSPVrLX,25,Nonstop," 965,929,333 ",Drake,0TlLq3lA83rQOYtrqBqSct,3:58,3,58,2,1,0.912,0.412,7,-8.074,0.123,0.0165,0.0126,0.104,0.423,154.983,Drake,N/A,N/A
Scorpion,6/29/18,2018,6,June,29,Friday,1ATL5GLyefJaxhQzSPVrLX,25,Elevate," 154,756,057 ",Drake,3szf2z1Cy1QMrtHrbn8rz9,3:04,3,4,3,1,0.758,0.474,1,-8.72,0.147,0.0152,0,0.116,0.0542,76.061,Drake,N/A,N/A
Scorpion,6/29/18,2018,6,June,29,Friday,1ATL5GLyefJaxhQzSPVrLX,25,Emotionless," 181,069,151 ",Drake,5Psnhdkyanjpgc2P8A5TSM,5:02,5,2,4,1,0.414,0.677,1,-5.12,0.254,0.0248,0,0.0793,0.0853,172.521,Drake,N/A,N/A
Scorpion,6/29/18,2018,6,June,29,Friday,1ATL5GLyefJaxhQzSPVrLX,25,God's Plan," 2,169,557,886 ",Drake,6DCZcSspjsKoFjzjrWoCdn,3:18,3,18,5,1,0.754,0.449,7,-9.211,0.109,0.0332,8.29E-05,0.552,0.357,77.169,Drake,N/A,N/A
Scorpion,6/29/18,2018,6,June,29,Friday,1ATL5GLyefJaxhQzSPVrLX,25,I'm Upset," 396,712,905 ",Drake,3qN5qMTKyEEmiTZD38BNTT,3:34,3,34,6,1,0.899,0.586,11,-7.866,0.343,0.279,0,0.0836,0.492,150.002,Drake,N/A,N/A
Scorpion,6/29/18,2018,6,June,29,Friday,1ATL5GLyefJaxhQzSPVrLX,25,8 Out Of 10," 115,578,019 ",Drake,0zqy3ss4CwD6u4QPksS0nI,3:15,3,15,7,1,0.527,0.689,2,-7.87,0.741,0.161,0,0.498,0.31,170.538,Drake,N/A,N/A
Scorpion,6/29/18,2018,6,June,29,Friday,1ATL5GLyefJaxhQzSPVrLX,25,Mob Ties," 339,167,582 ",Drake,7rC5Pl8rQSX4myONQHYPBK,3:25,3,25,8,1,0.754,0.575,4,-8.393,0.0682,0.045,0.00131,0.276,0.491,86.009,Drake,N/A,N/A
Scorpion,6/29/18,2018,6,June,29,Friday,1ATL5GLyefJaxhQzSPVrLX,25,Can't Take A Joke," 190,932,885 ",Drake,1dUHF4RyMmMTveJ0Rby6Xm,2:43,2,43,9,1,0.761,0.598,10,-7.249,0.182,0.126,0,0.0839,0.446,173.897,Drake,N/A,N/A
Scorpion,6/29/18,2018,6,June,29,Friday,1ATL5GLyefJaxhQzSPVrLX,25,Sandra's Rose," 110,813,262 ",Drake,6cblRiEGDRNZgowcm951R3,3:36,3,36,10,1,0.486,0.849,1,-5.432,0.246,0.0481,0,0.143,0.519,152.086,Drake,N/A,N/A
Scorpion,6/29/18,2018,6,June,29,Friday,1ATL5GLyefJaxhQzSPVrLX,25,Talk Up (feat. Jay-Z)," 103,974,222 ","Drake,JAY-Z",4ksuI04WMvUnJbHQjgs3L5,3:43,3,43,11,2,0.758,0.491,11,-9.877,0.138,0.00354,6.50E-06,0.292,0.334,140.121,Drake,JAY-Z,N/A
Scorpion,6/29/18,2018,6,June,29,Friday,1ATL5GLyefJaxhQzSPVrLX,25,Is There More," 74,249,158 ",Drake,1Tnw0ItH1Macok8gblnPPd,3:46,3,46,12,1,0.708,0.547,1,-7.607,0.314,0.727,0,0.159,0.549,83.8,Drake,N/A,N/A
Scorpion,6/29/18,2018,6,June,29,Friday,1ATL5GLyefJaxhQzSPVrLX,25,Peak," 90,214,445 ",Drake,11L064movtyopGdLiX4sVg,3:26,3,26,1,1,0.687,0.218,9,-13.539,0.0388,0.85,0.000125,0.106,0.269,91.991,Drake,N/A,N/A
Scorpion,6/29/18,2018,6,June,29,Friday,1ATL5GLyefJaxhQzSPVrLX,25,Summer Games," 106,058,606 ",Drake,4HG1YiGBseVKzjyKcmAJen,4:07,4,7,2,1,0.776,0.482,1,-11.269,0.0357,0.477,0.0456,0.11,0.134,136.008,Drake,N/A,N/A
Scorpion,6/29/18,2018,6,June,29,Friday,1ATL5GLyefJaxhQzSPVrLX,25,Jaded," 153,710,900 ",Drake,4c2xt1trwYZpMqPWY35Xi9,4:22,4,22,3,1,0.764,0.271,0,-5.697,0.0414,0.037,0,0.175,0.0371,116.019,Drake,N/A,N/A
Scorpion,6/29/18,2018,6,June,29,Friday,1ATL5GLyefJaxhQzSPVrLX,25,Nice For What," 1,113,016,827 ",Drake,3CA9pLiwRIGtUBiMjbZmRw,3:30,3,30,4,1,0.585,0.909,8,-6.474,0.0707,0.0891,9.70E-05,0.119,0.758,93.372,Drake,N/A,N/A
Scorpion,6/29/18,2018,6,June,29,Friday,1ATL5GLyefJaxhQzSPVrLX,25,Finesse," 227,327,806 ",Drake,2WP8G2pdddDmnh1xbfKBOI,3:02,3,2,5,1,0.807,0.319,0,-8.152,0.0581,0.133,0.000338,0.101,0.299,94.992,Drake,N/A,N/A
Scorpion,6/29/18,2018,6,June,29,Friday,1ATL5GLyefJaxhQzSPVrLX,25,Ratchet Happy Birthday," 68,939,634 ",Drake,4SUwJA3eUVNHExxMPEUhQe,3:27,3,27,6,1,0.657,0.571,2,-12.519,0.139,0.11,0.00123,0.0735,0.622,167.958,Drake,N/A,N/A
Scorpion,6/29/18,2018,6,June,29,Friday,1ATL5GLyefJaxhQzSPVrLX,25,That's How You Feel," 119,355,445 ",Drake,41a7dZcq30Ss5kPMayWRV0,2:37,2,37,7,1,0.85,0.473,10,-5.747,0.209,0.117,0.0103,0.108,0.38,85.454,Drake,N/A,N/A
Scorpion,6/29/18,2018,6,June,29,Friday,1ATL5GLyefJaxhQzSPVrLX,25,Blue Tint," 134,881,928 ",Drake,4n1bdaKwynQndm47x5HqWX,2:42,2,42,8,1,0.889,0.372,7,-10.254,0.357,0.013,0,0.184,0.123,133.997,Drake,N/A,N/A
Scorpion,6/29/18,2018,6,June,29,Friday,1ATL5GLyefJaxhQzSPVrLX,25,In My Feelings," 1,290,100,065 ",Drake,2G7V7zsVDxg1yRsu7Ew9RJ,3:37,3,37,9,1,0.835,0.626,1,-5.833,0.125,0.0589,6.00E-05,0.396,0.35,91.03,Drake,N/A,N/A
Scorpion,6/29/18,2018,6,June,29,Friday,1ATL5GLyefJaxhQzSPVrLX,25,Don't Matter To Me (with Michael Jackson)," 457,123,574 ","Drake,Michael Jackson",6G8kHiVZ1jW7vHMPVRNZU0,4:05,4,5,10,2,0.822,0.318,10,-12.391,0.0575,0.493,0.0128,0.11,0.138,102.998,Drake,Michael Jackson,N/A
Scorpion,6/29/18,2018,6,June,29,Friday,1ATL5GLyefJaxhQzSPVrLX,25,After Dark (feat. Static Major & Ty Dolla $ign)," 106,683,901 ","Drake,Static Major,Ty Dolla $ign",3mvYQKm8h6M5K5h0nVPY9S,4:49,4,49,11,3,0.687,0.429,2,-13.075,0.192,0.0407,0,0.142,0.336,141.966,Drake,Static Major,Ty Dolla $ign
Scorpion,6/29/18,2018,6,June,29,Friday,1ATL5GLyefJaxhQzSPVrLX,25,Final Fantasy," 71,754,467 ",Drake,44Du2IM1bGY7dicmLfXbUs,3:39,3,39,12,1,0.5,0.449,0,-10.977,0.442,0.422,7.96E-06,0.115,0.104,144.206,Drake,N/A,N/A
Scorpion,6/29/18,2018,6,June,29,Friday,1ATL5GLyefJaxhQzSPVrLX,25,March 14," 57,102,237 ",Drake,09lmraDvzBT3pUQ2rUtJzK,5:09,5,9,13,1,0.558,0.414,10,-7.355,0.358,0.405,0,0.36,0.318,127.094,Drake,N/A,N/A
More Life,3/18/17,2017,3,March,18,Saturday,1lXY618HWkwYKJWBRYR4MK,22,Free Smoke," 190,402,949 ",Drake,05KOgYg8PGeJyyWBPi5ja8,3:38,3,38,1,1,0.736,0.491,10,-6.892,0.439,0.0681,0,0.571,0.203,141.979,Drake,N/A,N/A
More Life,3/18/17,2017,3,March,18,Saturday,1lXY618HWkwYKJWBRYR4MK,22,No Long Talk," 126,260,898 ","Drake,Giggs",6CfrYuD3YRDYdYvH9jNtXY,2:29,2,29,2,2,0.913,0.608,10,-6.839,0.234,0.0671,0,0.533,0.578,97.063,Drake,Giggs,N/A
More Life,3/18/17,2017,3,March,18,Saturday,1lXY618HWkwYKJWBRYR4MK,22,Passionfruit," 1,286,403,608 ",Drake,5mCPDVBb16L4XQwDdbRUpz,4:58,4,58,3,1,0.809,0.463,11,-11.377,0.0396,0.256,0.085,0.109,0.364,111.98,Drake,N/A,N/A
More Life,3/18/17,2017,3,March,18,Saturday,1lXY618HWkwYKJWBRYR4MK,22,Jorja Interlude," 123,716,243 ",Drake,13e6f8t7RKXuxZ0JdaaJRG,1:47,1,47,4,1,0.735,0.373,11,-10.478,0.104,0.762,0.00202,0.288,0.237,123.081,Drake,N/A,N/A
More Life,3/18/17,2017,3,March,18,Saturday,1lXY618HWkwYKJWBRYR4MK,22,Get It Together," 240,249,101 ","Drake,Black Coffee,Jorja Smith",7y6c07pgjZvtHI9kuMVqk1,4:10,4,10,5,3,0.781,0.721,5,-9.133,0.0514,0.0945,0.391,0.104,0.849,123.011,Drake,Black Coffee,Jorja Smith
More Life,3/18/17,2017,3,March,18,Saturday,1lXY618HWkwYKJWBRYR4MK,22,Madiba Riddim," 146,514,318 ",Drake,76gUmNLXGQVOsGhfcshkFP,3:25,3,25,6,1,0.839,0.521,7,-10.45,0.166,0.245,0.00545,0.607,0.33,105.992,Drake,N/A,N/A
More Life,3/18/17,2017,3,March,18,Saturday,1lXY618HWkwYKJWBRYR4MK,22,Blem," 227,908,938 ",Drake,2XlHu0HcujBCkWMdIAvrqt,3:36,3,36,7,1,0.726,0.535,7,-7.804,0.0476,0.0533,1.38E-05,0.0984,0.375,98.067,Drake,N/A,N/A
More Life,3/18/17,2017,3,March,18,Saturday,1lXY618HWkwYKJWBRYR4MK,22,4422," 145,056,761 ","Drake,Sampha",2fkeWbM6iqTw7oGHTYm2lw,3:06,3,6,8,2,0.609,0.229,11,-12.36,0.0333,0.558,0.0413,0.113,0.19,111.887,Drake,Sampha,N/A
More Life,3/18/17,2017,3,March,18,Saturday,1lXY618HWkwYKJWBRYR4MK,22,Gyalchester," 341,603,006 ",Drake,6UjfByV1lDLW0SOVQA4NAi,3:09,3,9,9,1,0.877,0.391,1,-8.196,0.063,0.0317,0.000502,0.0945,0.122,131.018,Drake,N/A,N/A
More Life,3/18/17,2017,3,March,18,Saturday,1lXY618HWkwYKJWBRYR4MK,22,Skepta Interlude," 83,133,870 ",Drake,2dfqS3MRtbLZSZA1IL8xY5,2:23,2,23,10,1,0.745,0.822,7,-6.354,0.252,0.0103,4.20E-06,0.155,0.415,86.733,Drake,N/A,N/A
More Life,3/18/17,2017,3,March,18,Saturday,1lXY618HWkwYKJWBRYR4MK,22,Portland," 528,368,559 ","Drake,Quavo,Travis Scott",2bjwRfXMk4uRgOD9IBYl9h,3:56,3,56,11,3,0.925,0.443,1,-8.216,0.264,0.0172,0,0.276,0.35,136.078,Drake,Quavo,Travis Scott
More Life,3/18/17,2017,3,March,18,Saturday,1lXY618HWkwYKJWBRYR4MK,22,Sacrifices," 141,129,021 ","Drake,2 Chainz,Young Thug",0xl1w2q4VLojeXp4JfazPL,5:07,5,7,12,3,0.903,0.439,8,-11.813,0.397,0.0407,0,0.138,0.532,139.112,Drake,2 Chainz,Young Thug
More Life,3/18/17,2017,3,March,18,Saturday,1lXY618HWkwYKJWBRYR4MK,22,Nothings Into Somethings," 87,752,158 ",Drake,6MbH1QiphMCPTqVEVC7UYi,2:33,2,33,13,1,0.766,0.234,11,-7.544,0.159,0.332,0.00156,0.358,0.256,96.882,Drake,N/A,N/A
More Life,3/18/17,2017,3,March,18,Saturday,1lXY618HWkwYKJWBRYR4MK,22,Teenage Fever," 526,182,322 ",Drake,6n3HGiq4v35D6eFOSwqYuo,3:39,3,39,14,1,0.766,0.283,8,-10.33,0.0846,0.111,0.0172,0.115,0.144,97.04,Drake,N/A,N/A
More Life,3/18/17,2017,3,March,18,Saturday,1lXY618HWkwYKJWBRYR4MK,22,KMT," 164,788,585 ","Drake,Giggs",2jTujnt0y344ai1rNOywgr,2:42,2,42,15,2,0.875,0.6,1,-6.818,0.0435,0.0189,0.0143,0.132,0.0906,119.987,Drake,Giggs,N/A
More Life,3/18/17,2017,3,March,18,Saturday,1lXY618HWkwYKJWBRYR4MK,22,Lose You," 80,977,631 ",Drake,2Na0z2gfN67Rzf0vp74Wi3,5:05,5,5,16,1,0.526,0.583,4,-9.172,0.376,0.699,0,0.372,0.378,89.837,Drake,N/A,N/A
More Life,3/18/17,2017,3,March,18,Saturday,1lXY618HWkwYKJWBRYR4MK,22,Can't Have Everything," 93,189,253 ",Drake,5f5r2N4Lp9WoULWPH9zp2W,3:48,3,48,17,1,0.856,0.572,1,-8.429,0.373,0.0136,1.55E-06,0.121,0.454,82.445,Drake,N/A,N/A
More Life,3/18/17,2017,3,March,18,Saturday,1lXY618HWkwYKJWBRYR4MK,22,Glow," 75,789,716 ","Drake,Kanye West",28irpKCCK9nn9DZSik2zEx,3:26,3,26,18,2,0.688,0.384,9,-8.824,0.375,0.2,0,0.708,0.432,162.098,Drake,Kanye West,N/A
More Life,3/18/17,2017,3,March,18,Saturday,1lXY618HWkwYKJWBRYR4MK,22,Since Way Back," 77,619,084 ","Drake,PARTYNEXTDOOR",5JUu0unA8VwhTZ9LkMWUVI,6:08,6,8,19,2,0.468,0.266,0,-11.121,0.13,0.348,9.55E-06,0.209,0.222,153.294,Drake,PARTYNEXTDOOR,N/A
More Life,3/18/17,2017,3,March,18,Saturday,1lXY618HWkwYKJWBRYR4MK,22,Fake Love," 899,932,461 ",Drake,343YBumqHu19cGoGARUTsd,3:30,3,30,20,1,0.928,0.481,9,-9.35,0.287,0.105,0,0.176,0.613,134.007,Drake,N/A,N/A
More Life,3/18/17,2017,3,March,18,Saturday,1lXY618HWkwYKJWBRYR4MK,22,Ice Melts," 113,137,528 ","Drake,Young Thug",7bJ4mu7MHa3rHiNyKjOoSl,4:10,4,10,21,2,0.813,0.551,6,-7.605,0.353,0.08,0,0.386,0.598,124.957,Drake,Young Thug,N/A
More Life,3/18/17,2017,3,March,18,Saturday,1lXY618HWkwYKJWBRYR4MK,22,Do Not Disturb," 353,984,871 ",Drake,2KvHC9z14GSl4YpkNMX384,4:43,4,43,22,1,0.618,0.693,7,-5.943,0.45,0.246,0,0.112,0.454,170.982,Drake,N/A,N/A
Views,5/6/16,2016,5,May,6,Friday,40GMAhriYJRO1rsY4YdrZb,20,Keep The Family Close," 91,180,559 ",Drake,7sBwAWyXfiIgrYQ8BaJESH,5:28,5,28,1,1,0.378,0.566,9,-7.685,0.0482,0.149,0,0.382,0.196,87.691,Drake,N/A,N/A
Views,5/6/16,2016,5,May,6,Friday,40GMAhriYJRO1rsY4YdrZb,20,9," 132,689,277 ",Drake,1C7KSXR2GVxknex6I4ANco,4:15,4,15,2,1,0.68,0.712,10,-7.184,0.0453,0.000803,0.000612,0.237,0.0379,100.009,Drake,N/A,N/A
Views,5/6/16,2016,5,May,6,Friday,40GMAhriYJRO1rsY4YdrZb,20,U With Me?," 119,066,913 ",Drake,03L2AoiRbWhvt7BDMx1jUB,4:57,4,57,3,1,0.429,0.43,2,-11.373,0.165,0.338,1.18E-05,0.138,0.125,174.983,Drake,N/A,N/A
Views,5/6/16,2016,5,May,6,Friday,40GMAhriYJRO1rsY4YdrZb,20,Feel No Ways," 309,527,685 ",Drake,3cjF2OFRmip8spwZYQRKxP,4:00,4,0,4,1,0.582,0.677,7,-7.081,0.172,0.0312,6.60E-06,0.122,0.205,193.818,Drake,N/A,N/A
Views,5/6/16,2016,5,May,6,Friday,40GMAhriYJRO1rsY4YdrZb,20,Hype," 171,603,584 ",Drake,5NFYuqu8V6QXc6mzcLImd6,3:29,3,29,5,1,0.787,0.635,4,-8.271,0.155,0.0253,0,0.357,0.237,130.018,Drake,N/A,N/A
Views,5/6/16,2016,5,May,6,Friday,40GMAhriYJRO1rsY4YdrZb,20,Weston Road Flows," 101,630,852 ",Drake,4PA16FAl8LPmFmOhARawdV,4:13,4,13,6,1,0.623,0.74,1,-6.942,0.307,0.0635,0,0.366,0.35,82.877,Drake,N/A,N/A
Views,5/6/16,2016,5,May,6,Friday,40GMAhriYJRO1rsY4YdrZb,20,Redemption," 161,449,583 ",Drake,4cRBqWBjuccCowYVHFlXK6,5:33,5,33,7,1,0.694,0.314,0,-7.82,0.116,0.611,2.07E-06,0.117,0.341,119.905,Drake,N/A,N/A
Views,5/6/16,2016,5,May,6,Friday,40GMAhriYJRO1rsY4YdrZb,20,With You," 178,582,388 ","Drake,PARTYNEXTDOOR",3aJkV6DUTSCqOwVwaBDG9B,3:15,3,15,8,2,0.878,0.406,1,-9.961,0.248,0.134,0.000234,0.112,0.784,128.014,Drake,PARTYNEXTDOOR,N/A
Views,5/6/16,2016,5,May,6,Friday,40GMAhriYJRO1rsY4YdrZb,20,Faithful," 91,464,011 ","Drake,dvsn,Pimp C",2qLcJOLrh6Djda4uLbldSA,4:50,4,50,9,3,0.536,0.449,1,-10.499,0.103,0.11,1.49E-05,0.284,0.171,99.889,Drake,dvsn,Pimp C
Views,5/6/16,2016,5,May,6,Friday,40GMAhriYJRO1rsY4YdrZb,20,Still Here," 271,411,121 ",Drake,433P7tDcIAi6NLnf4Sh6tI,3:09,3,9,10,1,0.834,0.433,0,-9.607,0.174,0.0258,0,0.633,0.229,133.938,Drake,N/A,N/A
Views,5/6/16,2016,5,May,6,Friday,40GMAhriYJRO1rsY4YdrZb,20,Controlla," 746,449,406 ",Drake,3O8NlPh2LByMU9lSRSHedm,4:05,4,5,11,1,0.59,0.468,10,-11.083,0.185,0.0789,0,0.101,0.349,92.287,Drake,N/A,N/A
Views,5/6/16,2016,5,May,6,Friday,40GMAhriYJRO1rsY4YdrZb,20,One Dance," 2,607,846,326 ","Drake,Wizkid,Kyla",1zi7xx7UVEFkmKfv06H8x0,2:53,2,53,12,3,0.792,0.625,1,-5.609,0.0536,0.00776,0.0018,0.329,0.37,103.967,Drake,Wizkid,Kyla
Views,5/6/16,2016,5,May,6,Friday,40GMAhriYJRO1rsY4YdrZb,20,Grammys," 160,183,185 ","Drake,Future",5e574bhjycX1eH2l4Auage,3:40,3,40,13,2,0.676,0.432,1,-9.51,0.502,0.00163,3.84E-06,0.0799,0.12,145.869,Drake,Future,N/A
Views,5/6/16,2016,5,May,6,Friday,40GMAhriYJRO1rsY4YdrZb,20,Childs Play," 258,641,914 ",Drake,3NxAG2ni1lLa8RKL6a0INc,4:01,4,1,14,1,0.746,0.475,10,-11.243,0.113,0.0175,1.10E-05,0.197,0.292,80.006,Drake,N/A,N/A
Views,5/6/16,2016,5,May,6,Friday,40GMAhriYJRO1rsY4YdrZb,20,Pop Style," 352,525,069 ",Drake,5mPSyjLatqB00IkPqRlbTE,3:32,3,32,15,1,0.713,0.462,7,-10.027,0.123,0.192,2.16E-06,0.105,0.0594,133.053,Drake,N/A,N/A
Views,5/6/16,2016,5,May,6,Friday,40GMAhriYJRO1rsY4YdrZb,20,Too Good," 957,800,485 ","Drake,Rihanna",3BtuIIrQlkujKPuWF2B85z,4:23,4,23,16,2,0.794,0.653,7,-7.839,0.104,0.0489,4.88E-05,0.1,0.397,117.996,Drake,Rihanna,N/A
Views,5/6/16,2016,5,May,6,Friday,40GMAhriYJRO1rsY4YdrZb,20,Summers Over Interlude," 96,134,317 ","Drake,Majid Jordan",3ppVO2tyWRRznNmONvt7Se,1:46,1,46,17,2,0.699,0.255,4,-8.647,0.0303,0.405,0.00242,0.0985,0.242,132.031,Drake,Majid Jordan,N/A
Views,5/6/16,2016,5,May,6,Friday,40GMAhriYJRO1rsY4YdrZb,20,Fire & Desire," 256,806,599 ",Drake,4BhGTc3Cgay2U1QcTS7vQe,3:58,3,58,18,1,0.722,0.252,1,-14.411,0.0761,0.0671,0,0.0852,0.275,79.923,Drake,N/A,N/A
Views,5/6/16,2016,5,May,6,Friday,40GMAhriYJRO1rsY4YdrZb,20,Views," 87,261,682 ",Drake,7MjSipTto9QljYzZnloXOn,5:11,5,11,19,1,0.395,0.852,5,-5.896,0.37,0.0657,0,0.262,0.112,76.428,Drake,N/A,N/A
Views,5/6/16,2016,5,May,6,Friday,40GMAhriYJRO1rsY4YdrZb,20,Hotline Bling," 1,182,189,657 ",Drake,0wwPcA6wtMf6HUMpIRdeP7,4:27,4,27,20,1,0.891,0.628,2,-7.863,0.0551,0.00258,0.00019,0.0504,0.552,134.966,Drake,N/A,N/A
What A Time To Be Alive,9/25/15,2015,9,September,25,Friday,15QCBYjP6HwHvsff100UBx,11,Digital Dash," 119,890,467 ","Drake,Future",0v0QJqLvo3tnqwYLdLqdza,3:51,3,51,1,2,0.881,0.566,2,-7.562,0.136,0.00378,6.83E-06,0.204,0.232,140.04,Drake,Future,N/A
What A Time To Be Alive,9/25/15,2015,9,September,25,Friday,15QCBYjP6HwHvsff100UBx,11,Big Rings," 202,106,279 ","Drake,Future",3dnM2j3WBCn2biJgiuxhnB,3:37,3,37,2,2,0.807,0.666,8,-6.188,0.263,0.00295,0,0.227,0.274,131.994,Drake,Future,N/A
What A Time To Be Alive,9/25/15,2015,9,September,25,Friday,15QCBYjP6HwHvsff100UBx,11,Live From The Gutter," 101,009,732 ","Drake,Future",5XdFLE07JRgMk5LLSjjmAT,3:31,3,31,3,2,0.828,0.482,7,-8.469,0.431,0.0429,7.80E-06,0.0807,0.281,165.946,Drake,Future,N/A
What A Time To Be Alive,9/25/15,2015,9,September,25,Friday,15QCBYjP6HwHvsff100UBx,11,Diamonds Dancing," 147,493,803 ","Drake,Future",4HP4mKLUCZcoHlZAWvdhRN,5:14,5,14,4,2,0.504,0.356,1,-10.84,0.0445,0.12,6.03E-05,0.107,0.169,136.028,Drake,Future,N/A
What A Time To Be Alive,9/25/15,2015,9,September,25,Friday,15QCBYjP6HwHvsff100UBx,11,Scholarships," 116,091,068 ","Drake,Future",6DGV9o1qFcx18O6uRIeCBM,3:29,3,29,5,2,0.556,0.406,0,-9.409,0.381,0.0828,4.29E-06,0.1,0.256,109.035,Drake,Future,N/A
What A Time To Be Alive,9/25/15,2015,9,September,25,Friday,15QCBYjP6HwHvsff100UBx,11,Plastic Bag," 84,683,819 ","Drake,Future",3MTZYvIcZXwmc8tFrAr9bA,3:22,3,22,6,2,0.844,0.47,1,-6.048,0.3,0.0079,2.82E-06,0.141,0.395,170.91,Drake,Future,N/A
What A Time To Be Alive,9/25/15,2015,9,September,25,Friday,15QCBYjP6HwHvsff100UBx,11,I'm The Plug," 83,960,471 ","Drake,Future",67KJIWrUpIG3ONOpZpvVbR,3:00,3,0,7,2,0.829,0.554,0,-9.223,0.305,0.000285,0.00225,0.12,0.203,160.026,Drake,Future,N/A
What A Time To Be Alive,9/25/15,2015,9,September,25,Friday,15QCBYjP6HwHvsff100UBx,11,Change Locations," 80,977,906 ","Drake,Future",1CEPBDQk2rU9bIBwcsXkOM,3:40,3,40,8,2,0.813,0.328,0,-10.069,0.391,0.0201,4.96E-06,0.119,0.191,137.999,Drake,Future,N/A
What A Time To Be Alive,9/25/15,2015,9,September,25,Friday,15QCBYjP6HwHvsff100UBx,11,Jumpman," 765,718,064 ","Drake,Future",6ApJN7sbsgAKwO29JbSLiK,3:25,3,25,9,2,0.859,0.56,1,-7.249,0.201,0.0529,0,0.114,0.625,142.04,Drake,Future,N/A
What A Time To Be Alive,9/25/15,2015,9,September,25,Friday,15QCBYjP6HwHvsff100UBx,11,Jersey," 106,444,094 ",Future,6Dw7JdhiiMjx2gWrwfeFYL,3:08,3,8,10,1,0.766,0.531,0,-10.899,0.272,0.528,0.000665,0.11,0.29,146.089,Future,N/A,N/A
What A Time To Be Alive,9/25/15,2015,9,September,25,Friday,15QCBYjP6HwHvsff100UBx,11,30 for 30 Freestyle," 55,507,398 ",Drake,1svrFSGhPdKaFFinZSoltt,4:13,4,13,11,1,0.622,0.599,4,-9.207,0.458,0.686,0,0.145,0.275,92.833,Drake,N/A,N/A
If You're Reading This It's Too Late,2/12/15,2015,2,February,12,Thursday,0ptlfJfwGTy0Yvrk14JK1I,17,Legend," 358,330,049 ",Drake,1ID1QFSNNxi0hiZCNcwjUC,4:01,4,1,1,1,0.714,0.563,1,-7.574,0.0723,0.0266,0,0.0776,0.31,100.091,Drake,N/A,N/A
If You're Reading This It's Too Late,2/12/15,2015,2,February,12,Thursday,0ptlfJfwGTy0Yvrk14JK1I,17,Energy," 439,535,359 ",Drake,79XrkTOfV1AqySNjVlygpW,3:01,3,1,2,1,0.747,0.571,11,-7.916,0.478,0.38,0,0.534,0.553,172.104,Drake,N/A,N/A
If You're Reading This It's Too Late,2/12/15,2015,2,February,12,Thursday,0ptlfJfwGTy0Yvrk14JK1I,17,10 Bands," 251,709,997 ",Drake,12d5QFwzh60IIHlsSnAvps,2:57,2,57,3,1,0.825,0.756,11,-3.687,0.383,0.265,2.15E-06,0.0762,0.888,172.938,Drake,N/A,N/A
If You're Reading This It's Too Late,2/12/15,2015,2,February,12,Thursday,0ptlfJfwGTy0Yvrk14JK1I,17,Know Yourself," 374,636,945 ",Drake,5InOp6q2vvx0fShv3bzFLZ,4:35,4,35,4,1,0.72,0.412,11,-8.687,0.223,0.196,0,0.342,0.179,114.408,Drake,N/A,N/A
If You're Reading This It's Too Late,2/12/15,2015,2,February,12,Thursday,0ptlfJfwGTy0Yvrk14JK1I,17,No Tellin'," 140,845,843 ",Drake,2durxb17bXcmQJHSt8JAdO,5:10,5,10,5,1,0.823,0.467,0,-10.394,0.301,0.543,1.06E-06,0.135,0.618,95.026,Drake,N/A,N/A
If You're Reading This It's Too Late,2/12/15,2015,2,February,12,Thursday,0ptlfJfwGTy0Yvrk14JK1I,17,Madonna," 85,598,692 ",Drake,4v7SAP4KD96BFLWiCd1vF0,2:57,2,57,6,1,0.905,0.492,2,-8.598,0.0595,0.0149,3.77E-05,0.371,0.142,110.017,Drake,N/A,N/A
If You're Reading This It's Too Late,2/12/15,2015,2,February,12,Thursday,0ptlfJfwGTy0Yvrk14JK1I,17,6 God," 166,027,211 ",Drake,3a8tAZFJxlmBwOtrf5L1oC,3:00,3,0,7,1,0.868,0.623,2,-8.595,0.101,0.0249,0,0.125,0.498,105.446,Drake,N/A,N/A
If You're Reading This It's Too Late,2/12/15,2015,2,February,12,Thursday,0ptlfJfwGTy0Yvrk14JK1I,17,Star67," 107,074,473 ",Drake,2mmUoyPxzbxehpfm1TpTRK,4:54,4,54,8,1,0.521,0.392,3,-7.88,0.17,0.747,8.81E-06,0.198,0.166,91.939,Drake,N/A,N/A
If You're Reading This It's Too Late,2/12/15,2015,2,February,12,Thursday,0ptlfJfwGTy0Yvrk14JK1I,17,Preach," 138,088,929 ","Drake,PARTYNEXTDOOR",1OHoBC4icbuNhpSxP400sv,3:56,3,56,9,2,0.605,0.51,11,-8.094,0.423,0.165,8.80E-05,0.104,0.389,65.255,Drake,PARTYNEXTDOOR,N/A
If You're Reading This It's Too Late,2/12/15,2015,2,February,12,Thursday,0ptlfJfwGTy0Yvrk14JK1I,17,Wednesday Night Interlude," 76,288,294 ","Drake,PARTYNEXTDOOR",6oLHyWvmk6bKrA91EIYZBp,3:32,3,32,10,2,0.312,0.466,9,-8.163,0.0509,0.729,7.34E-06,0.215,0.195,135.44,Drake,PARTYNEXTDOOR,N/A
If You're Reading This It's Too Late,2/12/15,2015,2,February,12,Thursday,0ptlfJfwGTy0Yvrk14JK1I,17,Used To," 101,652,254 ","Drake,Lil Wayne",63p3Slj0shAFP0Q7dQetj5,4:28,4,28,11,2,0.926,0.427,10,-7.584,0.105,0.0703,0.000337,0.0818,0.304,96.025,Drake,Lil Wayne,N/A
If You're Reading This It's Too Late,2/12/15,2015,2,February,12,Thursday,0ptlfJfwGTy0Yvrk14JK1I,17,6 Man," 111,845,049 ",Drake,4kdfjhj9xNkYU0R8xlDy8k,2:47,2,47,12,1,0.568,0.535,4,-9.306,0.513,0.217,0,0.114,0.326,83.589,Drake,N/A,N/A
If You're Reading This It's Too Late,2/12/15,2015,2,February,12,Thursday,0ptlfJfwGTy0Yvrk14JK1I,17,Now & Forever," 96,612,017 ",Drake,4zLOwx1yRJXWkHKt1XzF1p,4:41,4,41,13,1,0.555,0.481,6,-7.419,0.0322,0.124,0,0.101,0.098,107.793,Drake,N/A,N/A
If You're Reading This It's Too Late,2/12/15,2015,2,February,12,Thursday,0ptlfJfwGTy0Yvrk14JK1I,17,Company," 104,172,822 ","Drake,Travis Scott",6ImxYXeLDQPIv4qo7bMhSk,4:12,4,12,14,2,0.651,0.55,7,-8.215,0.0496,0.0403,0,0.165,0.119,107.567,Drake,Travis Scott,N/A
If You're Reading This It's Too Late,2/12/15,2015,2,February,12,Thursday,0ptlfJfwGTy0Yvrk14JK1I,17,You & The 6," 74,053,185 ",Drake,2YaDRtIlQiZ5WDDB2YuEOC,4:24,4,24,15,1,0.545,0.476,7,-7.444,0.284,0.168,0,0.13,0.223,154.362,Drake,N/A,N/A
If You're Reading This It's Too Late,2/12/15,2015,2,February,12,Thursday,0ptlfJfwGTy0Yvrk14JK1I,17,Jungle," 312,909,009 ",Drake,7JXZq0JgG2zTrSOAgY8VMC,5:20,5,20,16,1,0.697,0.235,7,-8.651,0.0534,0.62,0.000144,0.107,0.378,99.947,Drake,N/A,N/A
If You're Reading This It's Too Late,2/12/15,2015,2,February,12,Thursday,0ptlfJfwGTy0Yvrk14JK1I,17,6PM In New York," 60,586,674 ",Drake,5mZJwWdxAOR4xUvSGZvvMU,4:43,4,43,17,1,0.554,0.85,5,-4.155,0.251,0.107,0,0.155,0.383,128.429,Drake,N/A,N/A
Nothing Was The Same (Deluxe),1/1/13,2013,1,January,1,Tuesday,5mz0mJxb80gqJIcRf9LGHJ,15,Tuscan Leather," 93,408,776 ",Drake,4MOy68Xuz84lkfu1NQH6Bg,6:06,6,6,1,1,0.597,0.679,6,-5.401,0.39,0.115,0,0.231,0.3,79.95,Drake,N/A,N/A
Nothing Was The Same (Deluxe),1/1/13,2013,1,January,1,Tuesday,5mz0mJxb80gqJIcRf9LGHJ,15,Furthest Thing," 140,219,114 ",Drake,6E1ILfm6wNkA6kautk3mQP,4:27,4,27,2,1,0.484,0.78,9,-5.264,0.135,0.147,0,0.057,0.271,137.101,Drake,N/A,N/A
Nothing Was The Same (Deluxe),1/1/13,2013,1,January,1,Tuesday,5mz0mJxb80gqJIcRf9LGHJ,15,Started From the Bottom," 437,406,572 ",Drake,5bm0CcD5R9Nj04QbMvwugt,2:54,2,54,3,1,0.794,0.522,8,-7.829,0.159,0.0328,0,0.156,0.567,86.318,Drake,N/A,N/A
Nothing Was The Same (Deluxe),1/1/13,2013,1,January,1,Tuesday,5mz0mJxb80gqJIcRf9LGHJ,15,Wu-Tang Forever," 117,289,013 ",Drake,7J8g9TwJYxmO0Xy3L916er,3:37,3,37,4,1,0.832,0.427,8,-8.516,0.257,0.0474,0,0.101,0.369,99.935,Drake,N/A,N/A
Nothing Was The Same (Deluxe),1/1/13,2013,1,January,1,Tuesday,5mz0mJxb80gqJIcRf9LGHJ,15,Own It," 113,409,940 ",Drake,1dHUNRY8eVXvSo6kvyFyNx,4:11,4,11,5,1,0.654,0.342,8,-11.305,0.101,0.0487,3.37E-05,0.313,0.294,103.064,Drake,N/A,N/A
Nothing Was The Same (Deluxe),1/1/13,2013,1,January,1,Tuesday,5mz0mJxb80gqJIcRf9LGHJ,15,Worst Behavior," 167,400,361 ",Drake,0MmqaSn9dzP5GHxZ933V4l,4:30,4,30,6,1,0.779,0.799,9,-6.359,0.15,0.158,0,0.209,0.414,109.944,Drake,N/A,N/A
Nothing Was The Same (Deluxe),1/1/13,2013,1,January,1,Tuesday,5mz0mJxb80gqJIcRf9LGHJ,15,From Time," 391,645,704 ","Drake,Jhene Aiko",5eCRkTcecpAXVWtS11GP5C,5:22,5,22,7,2,0.738,0.491,1,-9.726,0.413,0.626,0,0.126,0.448,94.378,Drake,Jhen√© Aiko,N/A
Nothing Was The Same (Deluxe),1/1/13,2013,1,January,1,Tuesday,5mz0mJxb80gqJIcRf9LGHJ,15,"Hold On, We're Going Home"," 820,185,400 ","Drake,Majid Jordan",6GCsFtfTR4R9Y0ECkFJhNr,3:47,3,47,8,2,0.776,0.413,6,-7.438,0.0952,0.00415,2.68E-05,0.0724,0.287,100.003,Drake,Majid Jordan,N/A
Nothing Was The Same (Deluxe),1/1/13,2013,1,January,1,Tuesday,5mz0mJxb80gqJIcRf9LGHJ,15,Connect," 80,992,361 ",Drake,4AUo4CPTghr09esofcujq2,4:56,4,56,9,1,0.683,0.488,6,-9.473,0.135,0.408,0,0.132,0.469,75.039,Drake,N/A,N/A
Nothing Was The Same (Deluxe),1/1/13,2013,1,January,1,Tuesday,5mz0mJxb80gqJIcRf9LGHJ,15,The Language," 143,817,226 ",Drake,4yQqhoEeRcsMfr7tqEea7f,3:44,3,44,10,1,0.831,0.651,1,-8.363,0.437,0.0125,0,0.0809,0.502,120.064,Drake,N/A,N/A
Nothing Was The Same (Deluxe),1/1/13,2013,1,January,1,Tuesday,5mz0mJxb80gqJIcRf9LGHJ,15,305 To My City," 67,039,723 ","Drake,Detail",7wbClNblLd3hkosmuYAdN9,4:15,4,15,11,2,0.419,0.494,4,-8.782,0.345,0.0567,0,0.144,0.134,67.622,Drake,Detail,N/A
Nothing Was The Same (Deluxe),1/1/13,2013,1,January,1,Tuesday,5mz0mJxb80gqJIcRf9LGHJ,15,Too Much," 171,870,501 ","Drake,Sampha",4XKBoqWQjPdNM4t0znWu7E,4:21,4,21,12,2,0.637,0.569,6,-5.858,0.55,0.173,0,0.18,0.148,140.269,Drake,Sampha,N/A
Nothing Was The Same (Deluxe),1/1/13,2013,1,January,1,Tuesday,5mz0mJxb80gqJIcRf9LGHJ,15,Pound Cake / Paris Morton Music 2," 236,872,572 ","Drake,JAY-Z",7EAI848gzAJpFsEmk6Wi3c,7:13,7,13,13,2,0.521,0.762,2,-6.75,0.534,0.139,1.11E-05,0.114,0.264,164.289,Drake,JAY-Z,N/A
Nothing Was The Same (Deluxe),1/1/13,2013,1,January,1,Tuesday,5mz0mJxb80gqJIcRf9LGHJ,15,Come Thru," 123,780,058 ",Drake,3eN46sMTppXYMAyWi37wn1,3:56,3,56,14,1,0.558,0.468,3,-5.812,0.173,0.159,0,0.586,0.405,81.977,Drake,N/A,N/A
Nothing Was The Same (Deluxe),1/1/13,2013,1,January,1,Tuesday,5mz0mJxb80gqJIcRf9LGHJ,15,All Me," 335,659,240 ","Drake,2 Chainz,Big Sean",7y911sqgHGHcyU4ivapjwi,4:30,4,30,15,3,0.67,0.515,1,-6.977,0.397,0.0705,0,0.25,0.422,122.006,Drake,2 Chainz,Big Sean
Take Care (Deluxe),11/15/11,2011,11,November,15,Tuesday,6X1x82kppWZmDzlXXK3y3q,19,Over My Dead Body," 110,104,982 ",Drake,2Gnsof1hvZzjE1xdLRpjtf,4:32,4,32,1,1,0.489,0.57,1,-10.291,0.306,0.759,2.10E-06,0.179,0.584,185.516,Drake,N/A,N/A
Take Care (Deluxe),11/15/11,2011,11,November,15,Tuesday,6X1x82kppWZmDzlXXK3y3q,19,Shot For Me," 181,614,553 ",Drake,6Z01gUquJsjJC67uNWm6P0,3:44,3,44,2,1,0.566,0.465,2,-11.714,0.235,0.0555,0,0.567,0.177,143.015,Drake,N/A,N/A
Take Care (Deluxe),11/15/11,2011,11,November,15,Tuesday,6X1x82kppWZmDzlXXK3y3q,19,Headlines," 494,559,698 ",Drake,6LxSe8YmdPxy095Ux6znaQ,3:55,3,55,3,1,0.636,0.566,6,-7.16,0.106,0.365,0.000353,0.0917,0.425,151.894,Drake,N/A,N/A
Take Care (Deluxe),11/15/11,2011,11,November,15,Tuesday,6X1x82kppWZmDzlXXK3y3q,19,Crew Love," 286,760,272 ","Drake,The Weeknd",0V4l4GQhgnWQGtCWpvA7va,3:28,3,28,4,2,0.418,0.546,0,-9.057,0.238,0.227,0,0.229,0.294,160.152,Drake,The Weeknd,N/A
Take Care (Deluxe),11/15/11,2011,11,November,15,Tuesday,6X1x82kppWZmDzlXXK3y3q,19,Take Care," 511,423,163 ","Drake,Rihanna",124NFj84ppZ5pAxTuVQYCQ,4:37,4,37,5,2,0.629,0.515,0,-10.358,0.265,0.0267,1.22E-05,0.0888,0.299,121.845,Drake,Rihanna,N/A
Take Care (Deluxe),11/15/11,2011,11,November,15,Tuesday,6X1x82kppWZmDzlXXK3y3q,19,Marvins Room," 495,596,995 ",Drake,047fCsbO4NdmwCBn8pcUXl,5:47,5,47,6,1,0.492,0.26,9,-17.341,0.0921,0.646,0.00178,0.0705,0.312,111.519,Drake,N/A,N/A
Take Care (Deluxe),11/15/11,2011,11,November,15,Tuesday,6X1x82kppWZmDzlXXK3y3q,19,Buried Alive Interlude," 57,193,253 ","Drake,Kendrick Lamar",1ZyudLFv35SRvY5SvTZqJx,2:30,2,30,7,2,0.711,0.543,0,-12.692,0.112,0.412,0,0.505,0.801,102.01,Drake,Kendrick Lamar,N/A
Take Care (Deluxe),11/15/11,2011,11,November,15,Tuesday,6X1x82kppWZmDzlXXK3y3q,19,Under Ground Kings," 94,008,092 ",Drake,1D9XLqQp2YYiOxrr5KLb8K,3:32,3,32,8,1,0.487,0.712,8,-7.323,0.27,5.20E-05,0,0.198,0.397,156.209,Drake,N/A,N/A
Take Care (Deluxe),11/15/11,2011,11,November,15,Tuesday,6X1x82kppWZmDzlXXK3y3q,19,We'll Be Fine," 73,332,531 ","Drake,Birdman",7udsBKuqnJ5csWTAkR0vEI,4:07,4,7,9,2,0.386,0.488,1,-7.303,0.422,0.00171,0,0.64,0.217,193.397,Drake,Birdman,N/A
Take Care (Deluxe),11/15/11,2011,11,November,15,Tuesday,6X1x82kppWZmDzlXXK3y3q,19,Make Me Proud," 227,508,876 ","Drake,Nicki Minaj",7yfg0Eer6UZZt5tZ1XdsWz,3:39,3,39,10,2,0.684,0.486,1,-10.155,0.132,0.00268,0.000148,0.157,0.355,131.913,Drake,Nicki Minaj,N/A
Take Care (Deluxe),11/15/11,2011,11,November,15,Tuesday,6X1x82kppWZmDzlXXK3y3q,19,Lord Knows," 73,534,942 ","Drake,Rick Ross",1QBwk6GTCxVdC2hoSw9tlM,5:07,5,7,11,2,0.417,0.887,5,-5.551,0.367,0.0786,0,0.834,0.303,167.579,Drake,Rick Ross,N/A
Take Care (Deluxe),11/15/11,2011,11,November,15,Tuesday,6X1x82kppWZmDzlXXK3y3q,19,Cameras / Good Ones Go Interlude - Medley," 105,247,705 ",Drake,2FbGlEPAjNhWvrVvlentVq,7:14,7,14,12,1,0.441,0.403,2,-11.18,0.147,0.255,1.27E-05,0.13,0.158,139.92,Drake,N/A,N/A
Take Care (Deluxe),11/15/11,2011,11,November,15,Tuesday,6X1x82kppWZmDzlXXK3y3q,19,Doing It Wrong," 202,169,164 ",Drake,4eSGSqP2TZvvX0kadZZttM,4:25,4,25,13,1,0.397,0.172,6,-15.698,0.0445,0.841,6.78E-05,0.108,0.123,101.275,Drake,N/A,N/A
Take Care (Deluxe),11/15/11,2011,11,November,15,Tuesday,6X1x82kppWZmDzlXXK3y3q,19,The Real Her," 74,299,387 ","Drake,Lil Wayne,Andre 3000",74atKkOasLOVzvqB6mYgga,5:21,5,21,14,3,0.567,0.309,8,-14.254,0.385,0.166,0,0.12,0.509,65.041,Drake,Lil Wayne,Andr√© 3000
Take Care (Deluxe),11/15/11,2011,11,November,15,Tuesday,6X1x82kppWZmDzlXXK3y3q,19,Look What You've Done," 83,736,421 ",Drake,7t1lBIr3WIEtqQEOdZFMUf,5:01,5,1,15,1,0.495,0.351,3,-14.669,0.34,0.485,0,0.0967,0.271,134.369,Drake,N/A,N/A
Take Care (Deluxe),11/15/11,2011,11,November,15,Tuesday,6X1x82kppWZmDzlXXK3y3q,19,HYFR (Hell Ya Fucking Right)," 256,832,293 ","Drake,Lil Wayne",0m1KYWlT6LhFRBDVq9UNx4,3:26,3,26,16,2,0.444,0.627,7,-8.744,0.252,0.123,0,0.0795,0.359,98.21,Drake,Lil Wayne,N/A
Take Care (Deluxe),11/15/11,2011,11,November,15,Tuesday,6X1x82kppWZmDzlXXK3y3q,19,Practice," 137,138,149 ",Drake,0jF2AdhsalO1L7KkhK4LE5,3:57,3,57,17,1,0.446,0.239,1,-15.327,0.0876,0.574,7.76E-05,0.12,0.31,104.675,Drake,N/A,N/A
Take Care (Deluxe),11/15/11,2011,11,November,15,Tuesday,6X1x82kppWZmDzlXXK3y3q,19,The Ride," 48,057,039 ",Drake,4xRxYWgAtL6pzRz94GlZlA,5:51,5,51,18,1,0.556,0.702,0,-10.079,0.205,0.517,0,0.343,0.793,155.948,Drake,N/A,N/A
Take Care (Deluxe),11/15/11,2011,11,November,15,Tuesday,6X1x82kppWZmDzlXXK3y3q,19,The Motto," 451,094,170 ","Drake,Lil Wayne",4Kz4RdRCceaA9VgTqBhBfa,3:01,3,1,19,2,0.766,0.442,1,-8.558,0.356,0.000107,6.12E-05,0.111,0.39,201.8,Drake,Lil Wayne,N/A
Thank Me Later,1/1/10,2010,1,January,1,Friday,6jlrjFR9mJV3jd1IPSplXU,14,Fireworks," 44,260,669 ","Drake,Alicia Keys",73tgFzBug5Ifk1Retdtwk7,5:13,5,13,1,2,0.55,0.758,0,-6.472,0.347,0.433,0,0.162,0.53,89.368,Drake,Alicia Keys,N/A
Thank Me Later,1/1/10,2010,1,January,1,Friday,6jlrjFR9mJV3jd1IPSplXU,14,Karaoke," 26,132,519 ",Drake,5bDEA48Dxyxoc3K4Dt7yRE,3:47,3,47,2,1,0.758,0.654,0,-7.097,0.116,0.00879,0.0258,0.0797,0.949,151.008,Drake,N/A,N/A
Thank Me Later,1/1/10,2010,1,January,1,Friday,6jlrjFR9mJV3jd1IPSplXU,14,The Resistance," 38,257,347 ",Drake,0llA0pYA6GpGk7fTjew0wO,3:45,3,45,3,1,0.547,0.741,0,-8.127,0.163,0.822,0,0.117,0.637,82.589,Drake,N/A,N/A
Thank Me Later,1/1/10,2010,1,January,1,Friday,6jlrjFR9mJV3jd1IPSplXU,14,Over," 194,804,221 ",Drake,6BdgtqiV3oXNqBikezwdvC,3:53,3,53,4,1,0.35,0.845,7,-5.614,0.2,0.0107,0,0.123,0.45,99.643,Drake,N/A,N/A
Thank Me Later,1/1/10,2010,1,January,1,Friday,6jlrjFR9mJV3jd1IPSplXU,14,Show Me A Good Time," 44,581,564 ",Drake,7v0hKO3RYhEXt2EPXf4AOS,3:30,3,30,5,1,0.667,0.734,6,-6.064,0.119,0.0386,0,0.108,0.704,128.318,Drake,N/A,N/A
Thank Me Later,1/1/10,2010,1,January,1,Friday,6jlrjFR9mJV3jd1IPSplXU,14,Up All Night," 167,972,667 ","Drake,Nicki Minaj",75L0qdzRnhwV62UXoNq3pE,3:54,3,54,6,2,0.606,0.811,7,-4.667,0.278,0.00782,1.49E-05,0.349,0.276,156.347,Drake,Nicki Minaj,N/A
Thank Me Later,1/1/10,2010,1,January,1,Friday,6jlrjFR9mJV3jd1IPSplXU,14,Fancy," 90,984,221 ","Drake,T.I.,Swizz Beatz",3fpTMuD1u3gJlVI4FadVHs,5:19,5,19,7,3,0.53,0.884,0,-5.581,0.457,0.332,1.98E-06,0.355,0.28,87.194,Drake,T.I.,Swizz Beatz
Thank Me Later,1/1/10,2010,1,January,1,Friday,6jlrjFR9mJV3jd1IPSplXU,14,Shut It Down," 54,323,798 ","Drake,The-Dream",3d8PDk3B4am5c6TsUCznUW,6:59,6,59,8,2,0.59,0.434,9,-9.298,0.069,0.411,0,0.0979,0.399,119.905,Drake,The-Dream,N/A
Thank Me Later,1/1/10,2010,1,January,1,Friday,6jlrjFR9mJV3jd1IPSplXU,14,Unforgettable," 38,868,535 ","Drake,Jeezy",5LZ0ZCRXrklIpnzn4Tcyde,3:33,3,33,9,2,0.546,0.87,4,-5.107,0.114,0.103,0,0.111,0.071,156.145,Drake,Jeezy,N/A
Thank Me Later,1/1/10,2010,1,January,1,Friday,6jlrjFR9mJV3jd1IPSplXU,14,Light Up," 28,557,227 ","Drake,JAY-Z",0PWQqF5PvqRq0OPLSH0FKI,4:34,4,34,10,2,0.472,0.908,8,-5.991,0.45,0.0936,0,0.15,0.198,172.924,Drake,JAY-Z,N/A
Thank Me Later,1/1/10,2010,1,January,1,Friday,6jlrjFR9mJV3jd1IPSplXU,14,Miss Me," 73,921,014 ","Drake,Lil Wayne",1U4mweNwisxNj23ffuC9gO,5:05,5,5,11,2,0.426,0.862,2,-5.979,0.597,0.0813,0,0.34,0.332,100.3,Drake,Lil Wayne,N/A
Thank Me Later,1/1/10,2010,1,January,1,Friday,6jlrjFR9mJV3jd1IPSplXU,14,Cece's Interlude," 15,793,663 ",Drake,2G7QCDuRM7rTj0pX21e0xk,2:34,2,34,12,1,0.473,0.603,9,-6.875,0.0319,0.0549,6.25E-06,0.115,0.234,94.984,Drake,N/A,N/A
Thank Me Later,1/1/10,2010,1,January,1,Friday,6jlrjFR9mJV3jd1IPSplXU,14,Find Your Love," 139,514,897 ",Drake,4BycRneKmOs6MhYG9THsuX,3:28,3,28,13,1,0.627,0.614,6,-6.006,0.17,0.0211,0,0.0286,0.758,96.038,Drake,N/A,N/A
Thank Me Later,1/1/10,2010,1,January,1,Friday,6jlrjFR9mJV3jd1IPSplXU,14,Thank Me Now," 33,594,339 ",Drake,3cBUv0RIoEyAm2b7qimEY6,5:28,5,28,14,1,0.495,0.772,8,-4.851,0.425,0.282,0,0.119,0.748,71.295,Drake,N/A,N/A